category,zekr,count,description,reference,search
الأذكار بعد السلام من الصلاة,أَسْتَغْفِرُ اللَّهَ,3,,,الأذكار بعد السلام من الصلاة
الأذكار بعد السلام من الصلاة,اللَّهُمَّ أَنْتَ السَّلاَمُ، وَمِنْكَ السَّلاَمُ، تَبَارَكْتَ يَا ذَا الْجَلاَلِ وَالْإِكْرَامِ,1,,,الأذكار بعد السلام من الصلاة
الأذكار بعد السلام من الصلاة,لاَ إِلَهَ إِلاَّ اللَّهُ وَحْدَهُ لاَ شَرِيكَ لَهُ، لَهُ الْمُلْكُ وَلَهُ الْحَمْدُ وَهُوَ عَلَى كُلِّ شَيْءٍ قَدِيرٌ,3,,,الأذكار بعد السلام من الصلاة
الأذكار بعد السلام من الصلاة,اللَّهُمَّ لاَ مَانِعَ لِمَا أَعْطَيْتَ، وَلاَ مُعْطِيَ لِمَا مَنَعْتَ، وَلاَ يَنْفَعُ ذَا الْجَدِّ مِنْكَ الْجَدُّ,1,,,الأذكار بعد السلام من الصلاة
الأذكار بعد السلام من الصلاة,لَا إِلَهَ إِلاَّ اللَّهُ وَحْدَهُ لاَ شَرِيكَ لَهُ، لَهُ الْمُلْكُ، وَلَهُ الْحَمدُ، وَهُوَ عَلَى كُلِّ شَيْءٍ قَدِيرٌ. لاَ حَوْلَ وَلاَ قُوَّةَ إِلاَّ بِاللَّهِ، لاَ إِلَهَ إِلاَّ اللَّهُ، وَلاَ نَعْبُدُ إِلاَّ إِيَّاهُ، لَهُ النِّعْمَةُ وَلَهُ الْفَضْلُ وَلَهُ الثَّنَاءُ الْحَسَنُ، لَا إِلَهَ إِلاَّ اللَّهُ مُخْلِصِينَ لَهُ الدِّينَ وَلَوْ كَرِهَ الكَافِرُونَ,1,,,الأذكار بعد السلام من الصلاة
الأذكار بعد السلام من الصلاة,سُبْحَانَ اللَّهِ,33,,,الأذكار بعد السلام من الصلاة
الأذكار بعد السلام من الصلاة,الْحَمْدُ لِلَّهِ,33,,,الأذكار بعد السلام من الصلاة
الأذكار بعد السلام من الصلاة,اللَّهُ أَكْبَرُ,33,,,الأذكار بعد السلام من الصلاة
الأذكار بعد السلام من الصلاة,لاَ إِلَهَ إِلاَّ اللَّهُ وَحْدَهُ لاَ شَرِيكَ لَهُ، لَهُ الْمُلْكُ وَلَهُ الْحَمْدُ وَهُوَ عَلَى كُلِّ شَيْءٍ قَدِيرٌ,1,,,الأذكار بعد السلام من الصلاة
الأذكار بعد السلام من الصلاة,"بِسْمِ اللَّهِ الرَّحْمَنِ الرَّحِيمِ
قُلْ هُوَ ٱللَّهُ أَحَدٌ، ٱللَّهُ ٱلصَّمَدُ، لَمْ يَلِدْ وَلَمْ يُولَدْ، وَلَمْ يَكُن لَّهُ كُفُوًا أَحَدٌ.",3,بَعْدَ كُلِّ صَلاَةٍ,,الأذكار بعد السلام من الصلاة
الأذكار بعد السلام من الصلاة,"بِسْمِ اللَّهِ الرَّحْمَنِ الرَّحِيمِ
قُلْ أَعُوذُ بِرَبِّ ٱلْفَلَقِ، مِن شَرِّ مَا خَلَقَ، وَمِن شَرِّ غَاسِقٍ إِذَا وَقَبَ، وَمِن شَرِّ ٱلنَّفَّاثَاتِ فِى ٱلْعُقَدِ، وَمِن شَرِّ حَاسِدٍ إِذَا حَسَدَ.",3,بَعْدَ كُلِّ صَلاَةٍ,,الأذكار بعد السلام من الصلاة
الأذكار بعد السلام من الصلاة,"بِسْمِ اللَّهِ الرَّحْمَنِ الرَّحِيمِ
قُلْ أَعُوذُ بِرَبِّ ٱلنَّاسِ، مَلِكِ ٱلنَّاسِ، إِلَٰهِ ٱلنَّاسِ، مِن شَرِّ ٱلْوَسْوَاسِ ٱلْخَنَّاسِ، ٱلَّذِى يُوَسْوِسُ فِى صُدُورِ ٱلنَّاسِ، مِنَ ٱلْجِنَّةِ وَٱلنَّاسِ.",3,بَعْدَ كُلِّ صَلاَةٍ,,الأذكار بعد السلام من الصلاة
الأذكار بعد السلام من الصلاة,اللَّهُ لاَ إِلَهَ إِلاَّ هُوَ الْحَيُّ الْقَيُّومُ لاَ تَأْخُذُهُ سِنَةٌ وَلاَ نَوْمٌ لَّهُ مَا فِي السَّمَوَاتِ وَمَا فِي الأَرْضِ مَن ذَا الَّذِي يَشْفَعُ عِنْدَهُ إِلاَّ بِإِذْنِهِ يَعْلَمُ مَا بَيْنَ أَيْدِيهِمْ وَمَا خَلْفَهُمْ وَلاَ يُحِيطُونَ بِشَيْءٍ مِّنْ عِلْمِهِ إِلاَّ بِمَا شَاءَ وَسِعَ كُرْسِيُّهُ السَّمَوَاتِ وَالأَرْضَ وَلاَ يَؤُودُهُ حِفْظُهُمَا وَهُوَ الْعَلِيُّ الْعَظِيمُ,1,عَقِبَ كُلِّ صَلاَةٍ,آية الكرسى - سورة البقرة 255,الأذكار بعد السلام من الصلاة
الأذكار بعد السلام من الصلاة,لاَ إِلَهَ إِلاَّ اللَّهُ وَحْدَهُ لاَ شَرِيكَ لَهُ، لَهُ الْمُلْكُ وَلَهُ الْحَمْدُ يُحْيِي وَيُمِيتُ وَهُوَ عَلَى كُلِّ شَيْءٍ قَدِيرٌ,10,بَعْدَ صَلاةِ الْمَغْرِبِ وَالصُّبْحِ,,الأذكار بعد السلام من الصلاة
الأذكار بعد السلام من الصلاة,اللَّهُمَّ إِنِّي أَسْأَلُكَ عِلْماً نافِعاً، وَرِزْقاً طَيِّباً، وَعَمَلاً مُتَقَبَّلاً,1,بَعْدَ السّلامِ مِنْ صَلاَةِ الفَجْرِ,,الأذكار بعد السلام من الصلاة
أذكار النوم,"بِسْمِ اللَّهِ الرَّحْمَنِ الرَّحِيمِ
قُلْ هُوَ ٱللَّهُ أَحَدٌ، ٱللَّهُ ٱلصَّمَدُ، لَمْ يَلِدْ وَلَمْ يُولَدْ، وَلَمْ يَكُن لَّهُ كُفُوًا أَحَدٌ.",1,يَجْمَعُ كَفَّيْهِ ثُمَّ يَنْفُثُ فِيهِمَا فَيَقْرَأُ فِيهِمَا، ثُمَّ يَمْسَحُ بِهِمَا مَا اسْتَطَاعَ مِنْ جَسَدِهِ يَبْدَأُ بِهِمَا عَلَى رَأْسِهِ وَوَجْهِهِ وَمَا أَقْبَلَ مِنْ جَسَدِهِ. يُفْعَلُ ذَلِكَ ثَلَاثَ مَرَّاتٍ.,,أذكار النوم
أذكار النوم,"بِسْمِ اللَّهِ الرَّحْمَنِ الرَّحِيمِ
قُلْ أَعُوذُ بِرَبِّ ٱلْفَلَقِ، مِن شَرِّ مَا خَلَقَ، وَمِن شَرِّ غَاسِقٍ إِذَا وَقَبَ، وَمِن شَرِّ ٱلنَّفَّاثَاتِ فِى ٱلْعُقَدِ، وَمِن شَرِّ حَاسِدٍ إِذَا حَسَدَ.",1,يَجْمَعُ كَفَّيْهِ ثُمَّ يَنْفُثُ فِيهِمَا فَيَقْرَأُ فِيهِمَا، ثُمَّ يَمْسَحُ بِهِمَا مَا اسْتَطَاعَ مِنْ جَسَدِهِ يَبْدَأُ بِهِمَا عَلَى رَأْسِهِ وَوَجْهِهِ وَمَا أَقْبَلَ مِنْ جَسَدِهِ. يُفْعَلُ ذَلِكَ ثَلَاثَ مَرَّاتٍ.,,أذكار النوم
أذكار النوم,"بِسْمِ اللَّهِ الرَّحْمَنِ الرَّحِيمِ
قُلْ أَعُوذُ بِرَبِّ ٱلنَّاسِ، مَلِكِ ٱلنَّاسِ، إِلَٰهِ ٱلنَّاسِ، مِن شَرِّ ٱلْوَسْوَاسِ ٱلْخَنَّاسِ، ٱلَّذِى يُوَسْوِسُ فِى صُدُورِ ٱلنَّاسِ، مِنَ ٱلْجِنَّةِ وَٱلنَّاسِ.",1,يَجْمَعُ كَفَّيْهِ ثُمَّ يَنْفُثُ فِيهِمَا فَيَقْرَأُ فِيهِمَا، ثُمَّ يَمْسَحُ بِهِمَا مَا اسْتَطَاعَ مِنْ جَسَدِهِ يَبْدَأُ بِهِمَا عَلَى رَأْسِهِ وَوَجْهِهِ وَمَا أَقْبَلَ مِنْ جَسَدِهِ. يُفْعَلُ ذَلِكَ ثَلَاثَ مَرَّاتٍ.,,أذكار النوم
أذكار النوم,﴿اللَّهُ لاَ إِلَهَ إِلاَّ هُوَ الْحَيُّ الْقَيُّومُ لاَ تَأْخُذُهُ سِنَةٌ وَلاَ نَوْمٌ لَّهُ مَا فِي السَّمَوَاتِ وَمَا فِي الأَرْضِ مَن ذَا الَّذِي يَشْفَعُ عِنْـــــــــــدَهُ إِلاَّ بِإِذْنِهِ يَعْلَمُ مَا بَيْنَ أَيْدِيهِمْ وَمَا خَلْفَهُمْ وَلاَ يُحِيطُونَ بِشَيْءٍ مِّنْ عِلْمِهِ إِلاَّ بِمَا شَاء وَسِعَ كُرْسِيُّهُ السَّمَوَاتِ وَالأَرْضَ وَلاَ يَؤُودُهُ حِفْظُهُمَا وَهُوَ الْعَلِيُّ الْعَظِيمُ﴾.,1,,آية الكرسى - سورة البقرة 255,أذكار النوم
أذكار النوم,"أَعُوذُ بِاللهِ مِنْ الشَّيْطَانِ الرَّجِيمِ
آمَنَ الرَّسُولُ بِمَا أُنْزِلَ إِلَيْهِ مِنْ رَبِّهِ وَالْمُؤْمِنُونَ ۚ كُلٌّ آمَنَ بِاللَّهِ وَمَلَائِكَتِهِ وَكُتُبِهِ وَرُسُلِهِ لَا نُفَرِّقُ بَيْنَ أَحَدٍ مِنْ رُسُلِهِ ۚ وَقَالُوا سَمِعْنَا وَأَطَعْنَا ۖ غُفْرَانَكَ رَبَّنَا وَإِلَيْكَ الْمَصِيرُ. لَا يُكَلِّفُ اللَّهُ نَفْسًا إِلَّا وُسْعَهَا لَهَا مَا كَسَبَتْ وَعَلَيْهَا مَا اكْتَسَبَتْ رَبَّنَا لَا تُؤَاخِذْنَا إِنْ نَّسِينَآ أَوْ أَخْطَأْنَا رَبَّنَا وَلَا تَحْمِلْ عَلَيْنَا إِصْرًا كَمَا حَمَلْتَهُ عَلَى الَّذِينَ مِنْ قَبْلِنَا رَبَّنَا وَلَا تُحَمِّلْنَا مَا لَا طَاقَةَ لَنَا بِهِ وَاعْفُ عَنَّا وَاغْفِرْ لَنَا وَارْحَمْنَا أَنْتَ مَوْلَانَا فَانْصُرْنَا عَلَى الْقَوْمِ الْكَافِرِينَ.",1,من قرأ آيتين من آخر سورة البقرة في ليلة كفتاه.,سورة البقرة 285 - 286,أذكار النوم
أذكار النوم,بِاسْمِكَ رَبِّي وَضَعْتُ جَنْبِي، وَبِكَ أَرْفَعُهُ، فَإِن أَمْسَكْتَ نَفْسِي فارْحَمْهَا، وَإِنْ أَرْسَلْتَهَا فَاحْفَظْهَا، بِمَا تَحْفَظُ بِهِ عِبَادَكَ الصَّالِحِينَ,1,,,أذكار النوم
أذكار النوم,اللَّهُمَّ إِنَّكَ خَلَقْتَ نَفْسِي وَأَنْتَ تَوَفَّاهَا، لَكَ مَمَاتُهَا وَمَحْياهَا، إِنْ أَحْيَيْتَهَا فَاحْفَظْهَا، وَإِنْ أَمَتَّهَا فَاغْفِرْ لَهَا. اللَّهُمَّ إِنِّي أَسْأَلُكَ العَافِيَةَ,1,,,أذكار النوم
أذكار النوم,اللَّهُمَّ قِنِي عَذَابَكَ يَوْمَ تَبْعَثُ عِبَادَكَ,1,,,أذكار النوم
أذكار النوم,بِاسْمِكَ اللَّهُمَّ أَمُوتُ وَأَحْيَا,1,,,أذكار النوم
أذكار النوم,الْحَمْدُ لِلَّهِ الَّذِي أَطْعَمَنَا وَسَقَانَا، وَكَفَانَا، وَآوَانَا، فَكَمْ مِمَّنْ لاَ كَافِيَ لَهُ وَلاَ مُؤْوِيَ,1,,,أذكار النوم
أذكار النوم,اللَّهُمَّ عَالِمَ الغَيْبِ وَالشَّهَادَةِ فَاطِرَ السَّمَوَاتِ وَالْأَرْضِ، رَبَّ كُلِّ شَيْءٍ وَمَلِيكَهُ، أَشْهَدُ أَنْ لاَ إِلَهَ إِلاَّ أَنْتَ، أَعُوذُ بِكَ مِنْ شَرِّ نَفْسِي، وَمِنْ شَرِّ الشَّيْطانِ وَشِرْكِهِ، وَأَنْ أَقْتَرِفَ عَلَى نَفْسِي سُوءاً، أَوْ أَجُرَّهُ إِلَى مُسْلِمٍ,1,,,أذكار النوم
أذكار النوم,اللَّهُمَّ أَسْلَمْتُ نَفْسِي إِلَيْكَ، وَفَوَّضْتُ أَمْرِي إِلَيْكَ، وَوَجَّهْتُ وَجْهِي إِلَيْكَ، وَأَلْجَأْتُ ظَهْرِي إِلَيْكَ، رَغْبَةً وَرَهْبَةً إِلَيْكَ، لاَ مَلْجَأَ وَلاَ مَنْجَا مِنْكَ إِلاَّ إِلَيْكَ، آمَنْتُ بِكِتَابِكَ الَّذِي أَنْزَلْتَ، وَبِنَبِيِّكَ الَّذِي أَرْسَلْتَ,1,,,أذكار النوم
أذكار النوم,سُبْحَانَ اللَّهِ,33,,,أذكار النوم
أذكار النوم,الْحَمْدُ لِلَّهِ,33,,,أذكار النوم
أذكار النوم,اللَّهُ أَكْبَرُ,34,,,أذكار النوم
أذكار النوم,اللَّهُمَّ رَبَّ السَّمَوَاتِ السَّبْعِ وَرَبَّ الأَرْضِ، وَرَبَّ الْعَرْشِ الْعَظِيمِ، رَبَّنَا وَرَبَّ كُلِّ شَيْءٍ، فَالِقَ الْحَبِّ وَالنَّوَى، وَمُنْزِلَ التَّوْرَاةِ وَالْإِنْجِيلِ، وَالْفُرْقَانِ، أَعُوذُ بِكَ مِنْ شَرِّ كُلِّ شَيْءٍ أَنْتَ آخِذٌ بِنَاصِيَتِهِ. اللَّهُمَّ أَنْتَ الأَوَّلُ فَلَيْسَ قَبْلَكَ شَيْءٌ، وَأَنْتَ الآخِرُ فَلَيسَ بَعْدَكَ شَيْءٌ، وَأَنْتَ الظَّاهِرُ فَلَيْسَ فَوْقَكَ شَيْءٌ، وَأَنْتَ الْبَاطِنُ فَلَيْسَ دُونَكَ شَيْءٌ، اقْضِ عَنَّا الدَّيْنَ وَأَغْنِنَا مِنَ الْفَقْرِ,1,,,أذكار النوم
أذكار النوم,الم تَنْزِيلَ السَّجْدَةِ، وَتَبَارَكَ الَّذِي بِيَدِهِ الْمُلْكُ,1,يَقْرَأُ سُورَتَيْ المُ وَالسَّجْدَةِ وَسُورَةَ تَبَارَكَ,,أذكار النوم
أذكار الاستيقاظ من النوم,الْحَمْدُ للَّهِ الَّذِي أَحْيَانَا بَعْدَ مَا أَمَاتَنَا، وَإِلَيْهِ النُّشُورُ,1,,,أذكار الاستيقاظ من النوم
أذكار الاستيقاظ من النوم,لاَ إِلَهَ إِلاَّ اللَّهُ وَحْدَهُ لاَ شَريكَ لَهُ، لَهُ الْمُلْكُ وَلَهُ الْحَمْدُ، وَهُوَ عَلَى كُلِّ شَيْءٍ قَدِيرٌ، سُبْحَانَ اللَّهِ، وَالْحَمْدُ للَّهِ، وَلاَ إِلَهَ إِلاَّ اللَّهُ، وَاللَّهُ أَكبَرُ، وَلاَ حَوْلَ وَلاَ قُوَّةَ إِلاَّ بِاللَّهِ الْعَلِيِّ الْعَظِيمِ، رَبِّ اغْفرْ لِي,1,,,أذكار الاستيقاظ من النوم
أذكار الاستيقاظ من النوم,الْحَمْدُ لِلَّهِ الَّذِي عَافَانِي فِي جَسَدِي، وَرَدَّ عَلَيَّ رُوحِي، وَأَذِنَ لي بِذِكْرِهِ,1,,,أذكار الاستيقاظ من النوم
أذكار الاستيقاظ من النوم,﴿ إِنَّ فِي خَلْقِ السَّمَوَاتِ وَالأَرْضِ وَاخْتِلاَفِ اللَّيْلِ وَالنَّهَارِ لَآيَاتٍ لأُوْلِي الألْبَابِ * الَّذِينَ يَذْكُرُونَ اللَّهَ قِيَاماً وَقُعُوداً وَعَلَىَ جُنُوبِهِمْ وَيَتَفَكَّرُونَ فِي خَلْقِ السَّمَوَاتِ وَالأَرْضِ رَبَّنَا مَا خَلَقْتَ هَذا بَاطِلاً سُبْحَانَكَ فَقِنَا عَذَابَ النَّارِ* رَبَّنَا إِنَّكَ مَن تُدْخِلِ النَّارَ فَقَدْ أَخْزَيْتَهُ وَمَا لِلظَّالِمِينَ مِنْ أَنصَارٍ* رَّبَّنَا إِنَّنَا سَمِعْنَا مُنَادِياً يُنَادِي لِلإِيمَانِ أَنْ آمِنُواْ بِرَبِّكُمْ فَآمَنَّا رَبَّنَا فَاغْفِرْ لَنَا ذُنُوبَنَا وَكَفِّرْ عَنَّا سَيِّئَاتِنَا وَتَوَفَّنَا مَعَ الأبْرَارِ* رَبَّنَا وَآتِنَا مَا وَعَدتَّنَا عَلَى رُسُلِكَ وَلاَ تُخْزِنَا يَوْمَ الْقِيَامَةِ إِنَّكَ لاَ تُخْلِفُ الْمِيعَادَ* فَاسْتَجَابَ لَهُمْ رَبُّهُمْ أَنِّي لاَ أُضِيعُ عَمَلَ عَامِلٍ مِّنكُم مِّن ذَكَرٍ أَوْ أُنثَى بَعْضُكُم مِّن بَعْضٍ فَالَّذِينَ هَاجَرُواْ وَأُخْرِجُواْ مِن دِيَارِهِمْ وَأُوذُواْ فِي سَبِيلِي وَقَاتَلُواْ وَقُتِلُواْ لأُكَفِّرَنَّ عَنْهُمْ سَيِّئَاتِهِمْ وَلأُدْخِلَنَّهُمْ جَنَّاتٍ تَجْرِي مِن تَحْتِهَا الأَنْهَارُ ثَوَاباً مِّن عِندِ اللَّهِ وَاللَّهُ عِندَهُ حُسْنُ الثَّوَابِ * لاَ يَغُرَّنَّكَ تَقَلُّبُ الَّذِينَ كَفَرُواْ فِي الْبِلاَدِ * مَتَاعٌ قَلِيلٌ ثُمَّ مَأْوَاهُمْ جَهَنَّمُ وَبِئْسَ الْمِهَادُ * لَكِنِ الَّذِينَ اتَّقَوْاْ رَبَّهُمْ لَهُمْ جَنَّاتٌ تَجْرِي مِنْ تَحْتِهَا الأَنْهَارُ خَالِدِينَ فِيهَا نُزُلاً مِّنْ عِندِ اللَّهِ وَمَا عِندَ اللَّهِ خَيْرٌ لِّلأَبْرَارِ * وَإِنَّ مِنْ أَهْلِ الْكِتَابِ لَمَن يُؤْمِنُ بِاللَّهِ وَمَا أُنزِلَ إِلَيْكُمْ وَمَآ أُنزِلَ إِلَيْهِمْ خَاشِعِينَ لِلَّهِ لاَ يَشْتَرُونَ بِآيَاتِ اللَّهِ ثَمَناً قَلِيلاً أُوْلَئِكَ لَهُمْ أَجْرُهُمْ عِندَ رَبِّهِمْ إِنَّ اللَّهَ سَرِيعُ الْحِسَابِ*يَا أَيُّهَا الَّذِينَ آمَنُواْ اصْبِرُواْ وَصَابِرُواْ وَرَابِطُواْ وَاتَّقُواْ اللَّهَ لَعَلَّكُمْ تُفْلِحُونَ ﴾,1,آيَاتٌ مِنْ سُورَةِ آلِ عِمْرَانَ,سورة آل عمران 190 - 200,أذكار الاستيقاظ من النوم
